"","district","FoundationsDensity100k","FoundationsTotal"
"1",7131,15.9,20
"2",9771,7.9,10
"3",8425,18.2,34
"4",16077,8.3,8
"5",7132,10.8,14
"6",15081,13.7,12
"7",9171,14.1,15
"8",7331,5.6,7
"9",9371,21.2,22
"10",9361,40.7,17
"11",3451,11,13
"12",15082,12.3,21
"13",9561,23.6,42
"14",9571,63.1,25
"15",9661,9.9,17
"16",9671,34.1,23
"17",9761,14.7,35
"18",9772,52.7,142
"19",3452,16.6,31
"20",7332,28.3,37
"21",9672,23.2,24
"22",7133,29,45
"23",9173,21.7,26
"24",8211,49.6,26
"25",9461,7.7,11
"26",9471,62.2,44
"27",12060,8.7,15
"28",14625,6.1,19
"29",9462,21.9,23
"30",9472,80,57
"31",9172,10.9,11
"32",6431,16.8,44
"33",11,24,797
"34",7231,11.6,13
"35",8426,24.5,46
"36",5711,39.1,128
"37",7134,23.1,19
"38",8115,13.7,50
"39",5911,14.1,51
"40",8435,33.7,69
"41",5314,64.4,198
"42",15083,7.4,13
"43",5554,15.9,58
"44",5512,6.8,8
"45",12051,12.6,9
"46",3101,46.3,113
"47",8315,17,42
"48",4011,54,294
"49",4012,20.3,22
"50",15084,8.5,16
"51",8235,13.2,20
"52",3351,28.4,50
"53",9372,10.4,13
"54",14511,7.1,17
"55",3453,22.6,36
"56",9463,11.4,10
"57",9473,53.7,22
"58",7135,3.1,2
"59",5558,27,58
"60",12052,5,5
"61",3352,18.7,37
"62",9174,5.7,8
"63",12061,6.9,11
"64",6432,12.7,36
"65",6411,55.5,81
"66",9271,17.4,20
"67",3401,13.6,10
"68",15001,15.2,13
"69",3251,14.3,30
"70",9773,19.3,18
"71",9279,7.7,7
"72",1051,24,32
"73",9779,36.7,47
"74",7333,15.8,12
"75",5913,12.3,70
"76",14612,22.2,115
"77",5112,11.9,58
"78",5358,12.8,33
"79",5111,40.5,239
"80",9175,18.6,24
"81",16061,14.7,15
"82",9176,16.1,20
"83",7232,19.8,19
"84",16056,38.4,16
"85",12062,7.3,8
"86",3402,22.1,11
"87",8316,12.8,20
"88",3454,17,53
"89",5954,19.1,62
"90",8236,8.4,16
"91",9177,4.7,6
"92",16051,18.8,38
"93",9572,4.6,6
"94",9562,30.7,32
"95",14521,8.1,29
"96",5113,36.8,208
"97",8116,16.6,84
"98",5366,14.9,28
"99",9474,15.9,18
"100",7311,23.6,11
"101",12053,8.5,5
"102",6412,76.7,519
"103",8311,37.3,80
"104",9178,17,28
"105",8237,13,15
"106",9272,11.5,9
"107",3455,27.6,27
"108",6631,25.5,55
"109",9179,14.3,29
"110",9563,11.5,13
"111",9573,30,35
"112",9180,39.2,33
"113",5513,8.1,21
"114",16052,6.3,6
"115",7334,12.9,16
"116",6531,32.1,81
"117",3151,9.4,16
"118",8117,17,42
"119",14626,14.9,40
"120",3153,30.8,43
"121",16067,6.6,9
"122",3152,29.4,73
"123",3456,15,20
"124",16076,2.9,3
"125",6433,10.7,27
"126",9774,23.3,28
"127",5754,22.2,78
"128",5914,13.3,25
"129",15002,13,30
"130",2,69.5,1194
"131",3252,28.1,42
"132",5915,6.8,12
"133",3353,16.7,40
"134",15085,13.3,30
"135",9674,8.3,7
"136",12063,3.3,5
"137",8221,45.8,68
"138",8135,14.1,18
"139",8121,22.3,26
"140",8125,14.5,47
"141",5370,8.5,21
"142",3154,12.1,11
"143",5758,17.2,43
"144",5916,4.5,7
"145",6632,7.5,9
"146",1053,14.9,28
"147",16069,9.1,6
"148",3254,21.3,59
"149",5958,11.3,30
"150",6434,59.5,135
"151",9464,23.3,23
"152",9475,60.7,27
"153",8126,28,30
"154",3255,36.9,27
"155",5762,15.9,23
"156",16070,9.1,10
"157",9161,11.9,15
"158",16053,23.5,25
"159",15086,7.5,7
"160",7312,37.1,36
"161",7335,5.7,6
"162",8212,34.9,102
"163",8215,9.4,40
"164",6611,49.5,95
"165",6633,8.5,20
"166",9762,77.2,32
"167",9273,19.4,22
"168",9763,60.7,39
"169",1002,36.6,87
"170",9675,30.8,27
"171",5154,25.2,76
"172",7111,31.5,34
"173",5315,35.9,364
"174",8335,18.3,49
"175",5114,27.5,61
"176",13003,9.9,20
"177",13004,21.9,20
"178",9476,25.9,18
"179",9477,32.6,24
"180",7336,12.4,9
"181",16065,5,4
"182",6532,19.8,50
"183",7313,36.8,16
"184",13076,9.4,20
"185",13071,7.9,21
"186",13074,12.2,19
"187",13072,4.2,9
"188",13075,12,29
"189",13073,8.9,20
"190",9181,23.8,27
"191",9261,8.1,12
"192",9274,23.3,15
"193",3457,15.2,25
"194",14713,6.5,17
"195",14729,13.7,70
"196",5316,12.5,20
"197",9478,11.9,8
"198",6533,16.4,28
"199",9776,40.8,32
"200",5766,22.7,79
"201",8336,17.8,39
"202",1003,52.2,110
"203",3354,38.7,19
"204",8118,14.3,73
"205",7314,21.4,34
"206",3355,36.1,63
"207",15003,14.4,33
"208",6435,15.2,61
"209",9677,17.3,22
"210",8128,16.9,22
"211",6436,26.2,59
"212",7339,18.4,37
"213",7315,63.7,128
"214",8222,26.4,77
"215",15087,7.5,11
"216",6534,34.8,84
"217",12064,4.3,8
"218",5962,13,55
"219",7137,19.5,41
"220",14627,6.9,17
"221",9764,65.5,27
"222",10042,10.6,11
"223",5158,17.6,84
"224",9182,34.1,32
"225",9676,25,32
"226",5770,16.1,50
"227",14522,7.5,24
"228",5116,11,28
"229",9183,13.1,14
"230",5117,17.4,29
"231",9162,65.6,896
"232",9184,24,77
"233",5515,59.6,175
"234",8225,11.9,17
"235",9775,15.2,25
"236",9185,18.7,17
"237",9373,18.9,24
"238",1004,18.1,14
"239",10043,9.6,13
"240",9575,26.7,26
"241",9374,11.4,11
"242",7316,47.8,25
"243",7138,25.5,46
"244",3256,22.2,27
"245",1054,54,88
"246",16062,12.7,11
"247",14730,5.5,11
"248",3155,24.2,33
"249",9564,44.5,218
"250",9574,18.3,30
"251",9780,26.2,39
"252",5374,17.6,48
"253",5119,8.6,18
"254",12065,3,6
"255",12066,6.8,8
"256",6437,26.9,26
"257",12067,4.5,8
"258",6413,26.1,30
"259",6438,11.7,39
"260",3403,71.7,113
"261",3458,20.8,26
"262",5966,12.5,17
"263",8317,13.9,57
"264",3404,44,68
"265",3459,21.4,75
"266",8136,16.3,50
"267",9777,23.2,31
"268",3356,25.3,28
"269",3156,18.4,14
"270",1055,19.7,39
"271",12068,6,6
"272",5774,17.6,52
"273",9262,9.2,17
"274",9275,61.7,30
"275",3157,10.8,14
"276",9186,6.8,8
"277",8231,28.6,33
"278",1056,13.8,41
"279",7317,32,13
"280",1057,29.1,37
"281",12069,3.4,7
"282",12054,33,52
"283",12070,7.5,6
"284",8216,12.2,27
"285",8436,27.4,74
"286",5562,12.8,79
"287",9276,15.7,12
"288",9375,7.1,13
"289",9362,55,75
"290",3241,35,387
"291",8119,17.9,73
"292",5120,15.4,17
"293",1058,23.1,62
"294",8415,22.7,62
"295",5362,9.1,41
"296",7140,20.7,21
"297",5162,16,70
"298",7141,15.5,19
"299",8226,7.6,40
"300",7338,13.6,20
"301",5382,17.4,101
"302",6439,21.6,39
"303",5378,16.9,47
"304",9673,24.9,20
"305",9163,17.9,44
"306",9187,38.6,23
"307",3357,27.1,44
"308",9576,12.2,15
"309",9277,9.4,11
"310",8325,14,19
"311",16074,9.4,8
"312",16075,5.9,5
"313",15088,5.8,11
"314",16073,9.8,11
"315",10041,23.2,76
"316",10044,8.6,17
"317",10045,22.1,32
"318",14628,8.5,21
"319",3102,6.1,6
"320",15089,16.7,34
"321",3257,17.8,28
"322",1059,16.3,32
"323",16066,7.9,10
"324",9565,20.7,8
"325",8127,12.9,24
"326",6634,21,38
"327",9376,11.9,17
"328",8326,17.6,36
"329",9662,14.2,16
"330",9678,103.6,54
"331",1060,9.2,24
"332",5970,21.7,60
"333",8437,26.7,34
"334",5974,14.8,44
"335",5122,25.1,39
"336",3358,30.9,42
"337",16068,9.8,7
"338",16072,3.4,2
"339",7318,54.3,27
"340",12071,4.1,5
"341",10046,17.8,16
"342",3359,21,41
"343",5334,15.9,86
"344",9188,38.2,49
"345",1061,19.2,25
"346",5566,12.4,54
"347",15090,11,13
"348",1062,16.9,39
"349",9278,7.3,7
"350",9263,29.1,13
"351",8111,62.6,370
"352",7337,15.7,17
"353",7340,6.1,6
"354",16054,2.7,1
"355",12072,5,8
"356",9377,13.4,10
"357",9189,18.4,31
"358",7235,10.5,15
"359",7211,44.2,47
"360",8416,35.2,75
"361",8327,9.8,13
"362",12073,9.7,12
"363",3360,27.9,26
"364",8421,56.2,66
"365",5978,10.9,43
"366",16064,14.2,15
"367",9778,20.6,28
"368",3460,40.7,54
"369",3361,19.7,26
"370",5166,12.2,36
"371",6535,18.5,20
"372",14523,7.1,17
"373",7233,9.8,6
"374",6635,13.3,21
"375",8337,17.8,29
"376",5570,18.7,51
"377",16063,5.5,7
"378",9363,35.9,15
"379",9190,22.5,29
"380",16055,39.8,25
"381",16071,8.5,7
"382",9577,36.9,34
"383",6636,23.6,24
"384",5170,14.1,65
"385",3461,23.5,21
"386",7143,13,26
"387",6440,22.9,67
"388",6414,34,92
"389",3405,20.8,16
"390",15091,12.9,17
"391",3462,23,13
"392",3158,29.1,35
"393",3103,14.1,17
"394",7319,23.9,19
"395",9479,25.2,19
"396",5124,25.4,87
"397",9663,7,11
"398",9679,89.2,111
"399",8417,16.7,31
"400",7320,32.2,11
"401",14524,6.6,22
